{
    "ids": [
        0,
        5,
        10,
        15,
        20,
        25,
        30,
        35,
        40,
        45,
        50,
        55,
        60,
        65,
        70,
        75,
        80,
        85,
        90,
        95,
        100,
        105,
        110,
        115,
        120,
        125,
        130,
        135,
        140,
        145,
        150,
        155,
        160,
        165,
        170,
        175,
        180,
        185,
        190,
        195,
        200,
        205,
        210,
        215,
        220,
        225,
        230,
        235,
        240,
        245,
        250,
        255
    ],
    "ambient": [
        0.0017727052327245474,
        0.0017629311187192798,
        0.001813498674891889,
        0.0018444539746269584,
        0.0018352943006902933,
        0.001842832425609231,
        0.0018667281838133931,
        0.0018771978793665767,
        0.0018884537275880575,
        0.001906097400933504,
        0.0019222826231271029,
        0.001950538600794971,
        0.0019561846274882555,
        0.0019694282673299313,
        0.001984934788197279,
        0.002003542147576809,
        0.0020636424887925386,
        0.0020905095152556896,
        0.002100167330354452,
        0.0021402686834335327,
        0.0021739359945058823,
        0.0021952867973595858,
        0.0022464082576334476,
        0.002282019006088376,
        0.0023200716823339462,
        0.0023547946475446224,
        0.002398345386609435,
        0.002432748442515731,
        0.002493200358003378,
        0.002548490185290575,
        0.0025957049801945686,
        0.0026068873703479767,
        0.0026915480848401785,
        0.0027524821925908327,
        0.002795139793306589,
        0.0028571311850100756,
        0.0029050789307802916,
        0.002960391342639923,
        0.0030417628586292267,
        0.0030915720853954554,
        0.003154893172904849,
        0.003229888854548335,
        0.003333269152790308,
        0.003366996766999364,
        0.0034422881435602903,
        0.0035034434404224157,
        0.003591318614780903,
        0.0036864010617136955,
        0.0037402641028165817,
        0.003797051263973117,
        0.0039245206862688065,
        0.00400290684774518
    ],
    "parasitic": [
        0.10413962602615356,
        0.10407353192567825,
        0.10432885587215424,
        0.10423364490270615,
        0.10407306998968124,
        0.10418520867824554,
        0.10424494743347168,
        0.10442057996988297,
        0.10418500751256943,
        0.10439199209213257,
        0.10440715402364731,
        0.1045912578701973,
        0.10441874712705612,
        0.1047733873128891,
        0.10462737083435059,
        0.1048736572265625,
        0.10491962730884552,
        0.10497529059648514,
        0.10520461201667786,
        0.10524589568376541,
        0.10561677068471909,
        0.10565820336341858,
        0.10592995584011078,
        0.10596325993537903,
        0.10631559789180756,
        0.10626094043254852,
        0.10648047178983688,
        0.10667780786752701,
        0.10714223980903625,
        0.10727646201848984,
        0.10763540118932724,
        0.10786059498786926,
        0.10809379816055298,
        0.10827651619911194,
        0.1085367202758789,
        0.10896574705839157,
        0.10922057926654816,
        0.10948295891284943,
        0.10988727957010269,
        0.11024926602840424,
        0.11067639291286469,
        0.11096294224262238,
        0.11140087991952896,
        0.11143898963928223,
        0.11176865547895432,
        0.11214309185743332,
        0.11261291801929474,
        0.11319304257631302,
        0.11335771530866623,
        0.11377158015966415,
        0.11417519301176071,
        0.11691020429134369
    ],
    "signal": [
        0.12496372312307358,
        0.1650293469429016,
        0.21787026524543762,
        0.28325584530830383,
        0.3593372106552124,
        0.4494253993034363,
        0.5537156462669373,
        0.6735203266143799,
        0.8028351664543152,
        0.9553642868995667,
        1.1107679605484009,
        1.288872241973877,
        1.4768280982971191,
        1.6868078708648682,
        1.9021234512329102,
        2.137636661529541,
        2.389284372329712,
        2.647867202758789,
        2.9336977005004883,
        3.2235398292541504,
        3.5445358753204346,
        3.896099328994751,
        4.2134857177734375,
        4.569674968719482,
        4.96819543838501,
        5.346456050872803,
        5.777472019195557,
        6.210898399353027,
        6.659645080566406,
        7.119940757751465,
        7.633893966674805,
        8.070971488952637,
        8.600199699401855,
        9.152756690979004,
        9.697487831115723,
        10.271400451660156,
        10.83303165435791,
        11.418328285217285,
        12.024965286254883,
        12.662590980529785,
        13.335240364074707,
        14.00443172454834,
        14.716846466064453,
        15.435965538024902,
        16.03019905090332,
        16.80030059814453,
        17.590269088745117,
        18.354774475097656,
        19.01165008544922,
        19.82779312133789,
        20.64149284362793,
        21.798036575317383
    ]
}