{
    "func": "y = p[0] * x^2 + p[1] * x + p[2]",
    "gray": [
        0.0003266935427124817,
        0.00013533312472154238,
        0.1251008755294262
    ],
    "red": [
        5.369264977978576e-05,
        -0.000155283896721008,
        0.024634574260317413
    ],
    "green": [
        0.00019250759518893006,
        -0.0002864385554575261,
        0.0861316662819323
    ],
    "blue": [
        8.109856329190193e-05,
        0.0004142276133255007,
        0.019932913683257593
    ]
}