{
    "func": "log10(y) = p[0] * log10(x) + p[1]",
    "gray": [
        1.7072914072972396,
        -2.8397979253642696
    ],
    "red": [
        1.713821655546028,
        -3.646224314769909
    ],
    "green": [
        1.7073278148989657,
        -3.073033603701949
    ],
    "blue": [
        1.7039614300683352,
        -3.4282555930341525
    ]
}