{
    "mtx": [
        [
            14870.341916206251,
            0.0,
            3231.0911004310733
        ],
        [
            0.0,
            14881.773449227723,
            2423.170911321493
        ],
        [
            0.0,
            0.0,
            1.0
        ]
    ],
    "dist": [
        -0.13942961954063834,
        -0.08773253072263662,
        0.0,
        0.0,
        -0.48974630556433535
    ],
    "new_mtx": [
        [
            14700.7978515625,
            0.0,
            3230.5765901904233
        ],
        [
            0.0,
            14711.431640625,
            2422.6457405752153
        ],
        [
            0.0,
            0.0,
            1.0
        ]
    ],
    "roi": [
        14,
        18,
        6435,
        4815
    ],
    "mean_projection_error, pixels": [
        0.46756842732429504,
        0.5722768306732178,
        0.8057581186294556,
        0.8100589513778687,
        0.8379330635070801,
        0.5115482211112976,
        0.4587884545326233,
        0.47336921095848083,
        0.8321563601493835,
        0.49696600437164307,
        0.46265220642089844,
        0.4711742103099823,
        0.7222406268119812,
        0.49324315786361694,
        0.4585331976413727,
        0.7796381115913391,
        0.4668424725532532,
        0.5194064974784851,
        0.4641318917274475,
        0.522888720035553,
        0.552625834941864,
        0.8413273692131042,
        0.8680812120437622,
        0.4645005762577057,
        0.7324610948562622,
        0.7880060076713562,
        0.7982430458068848,
        0.663803219795227,
        0.6973909139633179,
        0.6258285641670227,
        0.49193382263183594
    ],
    "sensor": "Sony IMX342",
    "image_width, pixels": 6464,
    "image_height, pixels": 4852,
    "pixel size, us": 3.45,
    "focal_length, mm": 51,
    "f-number": "f/12.75"
}