{
    "mtx": [
        [
            3675.19946289,
            0.0,
            808.0
        ],
        [
            0.0,
            3677.857910156,
            606.0
        ],
        [
            0.0,
            0.0,
            1.0
        ]
    ],
    "dist": [
        0.0,
        0.0,
        0.0,
        0.0,
        0.0
    ],
    "new_mtx": [
        [
            3675.19946289,
            0.0,
            808.0
        ],
        [
            0.0,
            3677.857910156,
            606.0
        ],
        [
            0.0,
            0.0,
            1.0
        ]
    ],
    "roi": [
        14,
        18,
        6435,
        4815
    ],
    "mean_projection_error, pixels": [
        0.46756842732429504,
        0.5722768306732178,
        0.8057581186294556,
        0.8100589513778687,
        0.8379330635070801,
        0.5115482211112976,
        0.4587884545326233,
        0.47336921095848083,
        0.8321563601493835,
        0.49696600437164307,
        0.46265220642089844,
        0.4711742103099823,
        0.7222406268119812,
        0.49324315786361694,
        0.4585331976413727,
        0.7796381115913391,
        0.4668424725532532,
        0.5194064974784851,
        0.4641318917274475,
        0.522888720035553,
        0.552625834941864,
        0.8413273692131042,
        0.8680812120437622,
        0.4645005762577057,
        0.7324610948562622,
        0.7880060076713562,
        0.7982430458068848,
        0.663803219795227,
        0.6973909139633179,
        0.6258285641670227,
        0.49193382263183594
    ],
    "sensor": "Sony IMX342",
    "image_width, pixels": 3232,
    "image_height, pixels": 2426,
    "pixel size, us": 3.45,
    "focal_length, mm": 51,
    "focus_distance, cm": 80,
    "f-number": "f/12.75",
    "aperture, mm": 4
}
