{
    "p": [
        -11.3917137,
        31.8578817,
        860.959595
    ],
    "dir": [
        0.0213,
        -1.0,
        0.04123
    ],
    "mean_error, mm": 0.07458679300479275,
    "incline_angle, deg": 1.1623398323506293
}

