{
    "function": "intensity = p[0] + p[1]*r^2 + p[2]*r^3 + p[3]*r^4, where r is distance fron the center in pixels",
    "center": [
        3231.0911004310733,
        2423.170911321493
    ],
    "p": [
        1.0,
        -1.5141851950366017e-08,
        -1.1525522314144558e-13,
        1.9689833983750285e-16
    ]
}