{
    "p": [
        -10.517813864095803,
        -40.055655149764824,
        858.6700696044506
    ],
    "dir": [
        -0.0054611838627906225,
        -0.9997942328288965,
        -0.01953631165024098
    ],
    "mean_error, mm": 0.07458679300479275,
    "incline_angle, deg": 1.1623398323506293
}