{
    "ids": [
        0,
        5,
        10,
        15,
        20,
        25,
        30,
        35,
        40,
        45,
        50,
        55,
        60,
        65,
        70,
        75,
        80,
        85,
        90,
        95,
        100,
        105,
        110,
        115,
        120,
        125,
        130,
        135,
        140,
        145,
        150,
        155,
        160,
        165,
        170,
        175,
        180,
        185,
        190,
        195,
        200,
        205,
        210,
        215,
        220,
        225,
        230,
        235,
        240,
        245,
        250,
        255
    ],
    "ambient": [
        0.0018024406163021922,
        0.0017116493545472622,
        0.0018308456055819988,
        0.0018064775504171848,
        0.0018284088000655174,
        0.001825131825171411,
        0.0018252211157232523,
        0.001831385656259954,
        0.001836875337176025,
        0.001815041177906096,
        0.0018435220699757338,
        0.0018410595366731286,
        0.0018623057985678315,
        0.0018562210025265813,
        0.0018663036171346903,
        0.0018734714249148965,
        0.0018753372132778168,
        0.0018661078065633774,
        0.0018978340085595846,
        0.0019081876380369067,
        0.0019085888052359223,
        0.0019137319177389145,
        0.0019309873459860682,
        0.0019447366939857602,
        0.0019354528049007058,
        0.001946629723533988,
        0.001969297416508198,
        0.001969295786693692,
        0.001985064707696438,
        0.002004776382818818,
        0.002009873976930976,
        0.0020268745720386505,
        0.0020000175572931767,
        0.0020493916235864162,
        0.002054257085546851,
        0.002088539768010378,
        0.0020925409626215696,
        0.002132357330992818,
        0.002122501377016306,
        0.0021535183768719435,
        0.0021608886308968067,
        0.0021717066410928965,
        0.0022017844021320343,
        0.0022179363295435905,
        0.002199411392211914,
        0.002252493752166629,
        0.002274441998451948,
        0.002283089328557253,
        0.0022989537101238966,
        0.0023201769217848778,
        0.0023257180582731962,
        0.002345615066587925
    ],
    "parasitic": [
        0.10411012917757034,
        0.10384196788072586,
        0.10408935695886612,
        0.1039152592420578,
        0.10398537665605545,
        0.10394782572984695,
        0.10414353013038635,
        0.10392619669437408,
        0.1040443629026413,
        0.10396479815244675,
        0.10403735190629959,
        0.10433635115623474,
        0.10381396114826202,
        0.10392656177282333,
        0.10423015058040619,
        0.10409670323133469,
        0.10417324304580688,
        0.1040600836277008,
        0.10447309911251068,
        0.10440048575401306,
        0.10456576943397522,
        0.10442685335874557,
        0.10457414388656616,
        0.10439887642860413,
        0.10454609245061874,
        0.10453435033559799,
        0.10467267781496048,
        0.10482629388570786,
        0.10482314229011536,
        0.10484346002340317,
        0.10506630688905716,
        0.10510913282632828,
        0.10514001548290253,
        0.10505534708499908,
        0.10528723150491714,
        0.10548777133226395,
        0.10553447157144547,
        0.10555532574653625,
        0.10566843301057816,
        0.10590332001447678,
        0.10599911957979202,
        0.10610339045524597,
        0.10616081207990646,
        0.10612914711236954,
        0.10624675452709198,
        0.10649323463439941,
        0.10639282315969467,
        0.10663178563117981,
        0.1066792756319046,
        0.10693828016519547,
        0.10701227933168411,
        0.11023054271936417
    ],
    "signal": [
        0.12498483806848526,
        0.13538749516010284,
        0.1487867683172226,
        0.16527104377746582,
        0.1839306652545929,
        0.20749902725219727,
        0.23374120891094208,
        0.2651570737361908,
        0.2981034219264984,
        0.33735018968582153,
        0.3768899440765381,
        0.4208313524723053,
        0.46754881739616394,
        0.521735429763794,
        0.5751633048057556,
        0.63653963804245,
        0.7002832293510437,
        0.7655033469200134,
        0.835766613483429,
        0.9107652306556702,
        0.9959918260574341,
        1.0783023834228516,
        1.1658629179000854,
        1.2559551000595093,
        1.3542277812957764,
        1.4602690935134888,
        1.5602262020111084,
        1.6713851690292358,
        1.7825238704681396,
        1.9023363590240479,
        2.0292043685913086,
        2.1523702144622803,
        2.283390522003174,
        2.422816514968872,
        2.561811685562134,
        2.7197842597961426,
        2.837235927581787,
        2.9995133876800537,
        3.1611475944519043,
        3.321415662765503,
        3.4855234622955322,
        3.6685726642608643,
        3.843733549118042,
        4.041370391845703,
        4.099308490753174,
        4.298576354980469,
        4.498385906219482,
        4.7014689445495605,
        4.919103145599365,
        5.125741958618164,
        5.288101673126221,
        5.5675530433654785
    ]
}