{
    "ids": [
        0,
        5,
        10,
        15,
        20,
        25,
        30,
        35,
        40,
        45,
        50,
        55,
        60,
        65,
        70,
        75,
        80,
        85,
        90,
        95,
        100,
        105,
        110,
        115,
        120,
        125,
        130,
        135,
        140,
        145,
        150,
        155,
        160,
        165,
        170,
        175,
        180,
        185,
        190,
        195,
        200,
        205,
        210,
        215,
        220,
        225,
        230,
        235,
        240,
        245,
        250,
        255
    ],
    "ambient": [
        0.001738072605803609,
        0.001804167521186173,
        0.0018225063104182482,
        0.0018124287016689777,
        0.0018250923603773117,
        0.001846672035753727,
        0.001844900893047452,
        0.001854795846156776,
        0.0018430906347930431,
        0.0018642705399543047,
        0.0018592653796076775,
        0.001886060112155974,
        0.0018774127820506692,
        0.0019025730434805155,
        0.0019113767193630338,
        0.0019414765993133187,
        0.001947841257788241,
        0.0019595101475715637,
        0.0019681635312736034,
        0.0019734958186745644,
        0.0019953364972025156,
        0.002028278075158596,
        0.0020395133178681135,
        0.0020555260125547647,
        0.0020701091270893812,
        0.0020936750806868076,
        0.0021267507690936327,
        0.0021581482142210007,
        0.0021912530064582825,
        0.0022319296840578318,
        0.0022453349083662033,
        0.002266327850520611,
        0.0022834159899502993,
        0.0023059574887156487,
        0.0023432911839336157,
        0.0023636992555111647,
        0.0024300459772348404,
        0.0024487385526299477,
        0.002487082267180085,
        0.0025262741837650537,
        0.0025516583118587732,
        0.0025905577931553125,
        0.0026263264007866383,
        0.002664546249434352,
        0.00271206209436059,
        0.0027531369123607874,
        0.002793316962197423,
        0.002853967249393463,
        0.002870590891689062,
        0.0029167274478822947,
        0.002971301320940256,
        0.0030057819094508886
    ],
    "parasitic": [
        0.10432980954647064,
        0.10419882833957672,
        0.10408564656972885,
        0.10394524037837982,
        0.10398291051387787,
        0.1041916236281395,
        0.10398950427770615,
        0.10427118837833405,
        0.10391843318939209,
        0.10431257635354996,
        0.10417490452528,
        0.10440444201231003,
        0.10397597402334213,
        0.10415593534708023,
        0.10439609736204147,
        0.10421091318130493,
        0.10445771366357803,
        0.10428933054208755,
        0.10448288917541504,
        0.10460295528173447,
        0.10463662445545197,
        0.104638010263443,
        0.10468225181102753,
        0.10489953309297562,
        0.10511139780282974,
        0.10500866919755936,
        0.10501467436552048,
        0.10543561726808548,
        0.10515500605106354,
        0.10557419061660767,
        0.10559418797492981,
        0.10584763437509537,
        0.10585776716470718,
        0.10599560290575027,
        0.1059512197971344,
        0.10630790889263153,
        0.10635139048099518,
        0.10661499202251434,
        0.10665187984704971,
        0.10683959722518921,
        0.10706564784049988,
        0.10717680305242538,
        0.10708281397819519,
        0.10755756497383118,
        0.10764089226722717,
        0.10779919475317001,
        0.10799133032560349,
        0.10831369459629059,
        0.10832451283931732,
        0.10841657966375351,
        0.10894162952899933,
        0.1116124764084816
    ],
    "signal": [
        0.1250390112400055,
        0.1483331024646759,
        0.17894868552684784,
        0.21683378517627716,
        0.2630646526813507,
        0.3154102563858032,
        0.3766951262950897,
        0.44585752487182617,
        0.5222398638725281,
        0.6126210689544678,
        0.7046574354171753,
        0.8110929727554321,
        0.9144752025604248,
        1.0405579805374146,
        1.1705812215805054,
        1.3027933835983276,
        1.4469367265701294,
        1.6048277616500854,
        1.7718687057495117,
        1.9458582401275635,
        2.127382755279541,
        2.33223819732666,
        2.49975848197937,
        2.710764169692993,
        2.937401533126831,
        3.16682505607605,
        3.420199155807495,
        3.6737117767333984,
        3.9369444847106934,
        4.2159013748168945,
        4.50711727142334,
        4.767087459564209,
        5.065690517425537,
        5.387125015258789,
        5.712995529174805,
        6.0389404296875,
        6.374351501464844,
        6.713151454925537,
        7.0378828048706055,
        7.439523220062256,
        7.834390640258789,
        8.242165565490723,
        8.650912284851074,
        9.024587631225586,
        9.484428405761719,
        9.909890174865723,
        10.368646621704102,
        10.832884788513184,
        11.164887428283691,
        11.645309448242188,
        12.14824390411377,
        12.808143615722656
    ]
}