{
    "ids": [
        0,
        5,
        10,
        15,
        20,
        25,
        30,
        35,
        40,
        45,
        50,
        55,
        60,
        65,
        70,
        75,
        80,
        85,
        90,
        95,
        100,
        105,
        110,
        115,
        120,
        125,
        130,
        135,
        140,
        145,
        150,
        155,
        160,
        165,
        170,
        175,
        180,
        185,
        190,
        195,
        200,
        205,
        210,
        215,
        220,
        225,
        230,
        235,
        240,
        245,
        250,
        255
    ],
    "ambient": [
        0.0017697730800136924,
        0.0018110666424036026,
        0.0018144439673051238,
        0.0018218315672129393,
        0.0018159374594688416,
        0.0018237970070913434,
        0.0018178290920332074,
        0.001819314551539719,
        0.0018239275086671114,
        0.0018313911277800798,
        0.0018340789247304201,
        0.001834361464716494,
        0.0018671088619157672,
        0.0018630485283210874,
        0.0018447234760969877,
        0.0018456003163009882,
        0.0018619624897837639,
        0.0018583990167826414,
        0.0018895294051617384,
        0.0018821348203346133,
        0.0018992626573890448,
        0.001898850779980421,
        0.001903933472931385,
        0.0019140285439789295,
        0.0019279655534774065,
        0.0019362689927220345,
        0.0019329437054693699,
        0.0019582873210310936,
        0.0019466748926788568,
        0.0019552954472601414,
        0.0019771289080381393,
        0.001987536670640111,
        0.002007171744480729,
        0.002013816963881254,
        0.0020237010903656483,
        0.0020294254645705223,
        0.002049139002338052,
        0.0020748195238411427,
        0.0020599302370101213,
        0.002070015063509345,
        0.002096740296110511,
        0.0021049650385975838,
        0.0021294017788022757,
        0.002140482421964407,
        0.0021395403891801834,
        0.002156029222533107,
        0.002173340879380703,
        0.002177789807319641,
        0.002225787378847599,
        0.002227003686130047,
        0.0022409779485315084,
        0.0022699194960296154
    ],
    "parasitic": [
        0.10434889793395996,
        0.10408473759889603,
        0.10430244356393814,
        0.10401272028684616,
        0.10411982238292694,
        0.10388359427452087,
        0.10397820174694061,
        0.10422720015048981,
        0.1040176972746849,
        0.10384460538625717,
        0.1041540801525116,
        0.10402092337608337,
        0.10383835434913635,
        0.10404308885335922,
        0.1038554236292839,
        0.10395912826061249,
        0.10399440675973892,
        0.10394738614559174,
        0.10399794578552246,
        0.1039462611079216,
        0.10410124808549881,
        0.10426826030015945,
        0.10406938195228577,
        0.10443755239248276,
        0.10418125241994858,
        0.10424560308456421,
        0.10440578311681747,
        0.10435117036104202,
        0.10437482595443726,
        0.10446711629629135,
        0.10454948991537094,
        0.10460727661848068,
        0.10476972907781601,
        0.10458945482969284,
        0.10472399741411209,
        0.10479807108640671,
        0.10483556985855103,
        0.10475781559944153,
        0.10484147816896439,
        0.10512004047632217,
        0.10522150993347168,
        0.10505644232034683,
        0.10523222386837006,
        0.10522468388080597,
        0.10536904633045197,
        0.10527966171503067,
        0.10534270107746124,
        0.10533293336629868,
        0.10560698062181473,
        0.1056375727057457,
        0.10570571571588516,
        0.10829006135463715
    ],
    "signal": [
        0.12514229118824005,
        0.13171207904815674,
        0.14004385471343994,
        0.15010283887386322,
        0.16174887120723724,
        0.17617641389369965,
        0.1926528364419937,
        0.21188519895076752,
        0.2327016144990921,
        0.2571548819541931,
        0.2822488248348236,
        0.31183144450187683,
        0.34160536527633667,
        0.37560176849365234,
        0.41009920835494995,
        0.4468550682067871,
        0.4857853651046753,
        0.5291512608528137,
        0.5761902332305908,
        0.62180095911026,
        0.674263060092926,
        0.7336568236351013,
        0.7896797060966492,
        0.8491992354393005,
        0.9081781506538391,
        0.9689675569534302,
        1.0401084423065186,
        1.1070061922073364,
        1.1814848184585571,
        1.2548414468765259,
        1.3345609903335571,
        1.4145792722702026,
        1.497072696685791,
        1.5922937393188477,
        1.6818839311599731,
        1.7739249467849731,
        1.8463581800460815,
        1.9462039470672607,
        2.046926975250244,
        2.154907703399658,
        2.257126569747925,
        2.365328788757324,
        2.4831016063690186,
        2.603200674057007,
        2.680025100708008,
        2.8020453453063965,
        2.937843084335327,
        3.0663797855377197,
        3.1885108947753906,
        3.323763370513916,
        3.4439101219177246,
        3.7366960048675537
    ]
}