{
    "mtx": [
        [
            14870.341916206251,
            0.0,
            3231.0911004310733
        ],
        [
            0.0,
            14881.773449227723,
            2423.170911321493
        ],
        [
            0.0,
            0.0,
            1.0
        ]
    ],
    "dist": [
        -0.13942961954063834,
        -0.08773253072263662,
        0.0,
        0.0,
        -0.48974630556433535
    ],
    "new_mtx": [
        [
            14700.7978515625,
            0.0,
            3230.5765901904233
        ],
        [
            0.0,
            14711.431640625,
            2422.6457405752153
        ],
        [
            0.0,
            0.0,
            1.0
        ]
    ],
    "roi": [
        14,
        18,
        6435,
        4815
    ],
    "mean_reprojection_error, pixels": 0.6177863478660583,
    "sensor": "Sony IMX342",
    "image_width, pixels": 6464,
    "image_height, pixels": 4852,
    "pixel size, us": 3.45,
    "focal_length, mm": 51,
    "focus_distance, cm": 80,
    "aperture, mm": "4 (~f/13)"
}