{
    "aperture, mm": 4.0,
    "focus, mm": 810.3669534556511,
    "best_res, pixels": 1.75212467819739,
    "dof (dist, res), pixels": [
        [
            972.1298501316097,
            967.1012635414477,
            962.1022946161178,
            957.0813776514477,
            952.0668093283012,
            947.0564750658535,
            942.0325559733596,
            937.0116425752285,
            932.0152173054965,
            926.9729174187164,
            921.9583557180299,
            916.9610977671507,
            911.9445883444814,
            906.9249995311417,
            901.896340843835,
            896.9073293146156,
            891.8757078468639,
            886.8396308497878,
            881.847460205995,
            876.8064534991154,
            871.7715215664949,
            866.7517967838671,
            861.7273205655324,
            856.7031962203556,
            851.6666118687922,
            846.663829070763,
            841.6291994659773,
            836.5800523524553,
            831.5899997027423,
            826.5685580925292,
            821.5391397064398,
            816.5053283768975,
            811.4864228812345,
            806.4482584307046,
            801.418745081165,
            796.4092165431854,
            791.3780185288836,
            786.33203094269,
            781.3314847639292,
            776.3136887312629,
            771.2647766741862,
            766.2304064571033,
            761.2125128299346,
            756.1799394989295,
            751.1257487202381,
            746.1034340847253,
            741.0891893565664,
            736.04880261852,
            731.0179246707794,
            725.9893065814944,
            720.949038115754,
            715.9170845433113,
            710.8847323689882,
            705.8283590019682,
            700.7739965899251,
            695.7420722815825,
            690.6981337551061,
            685.6470048065542,
            680.6128520904697,
            675.5706760682631,
            670.5183738964489,
            665.4639141712144,
            660.4493928050334,
            655.3884573881919,
            650.3108238171526
        ],
        [
            3.962059215564541,
            3.888936608156613,
            3.834601761856386,
            3.7590835902184563,
            3.645872581806937,
            3.6157788126481156,
            3.477516127372867,
            3.346697062046048,
            3.2580536533688966,
            3.1385906465330704,
            3.1453046041434867,
            3.060799706773999,
            2.906483547851319,
            2.853529265225253,
            2.7429856722348496,
            2.654370929191133,
            2.575435604198292,
            2.4613648153416565,
            2.3761057015515723,
            2.314694228820337,
            2.296460182148538,
            2.116365073997449,
            2.0949646603876086,
            2.0379751879362518,
            2.0132945732177463,
            2.050053194168535,
            1.9568053707744444,
            1.9013439712173057,
            1.8205431550153217,
            1.7790773149103225,
            1.783425755972575,
            1.7087193157557572,
            1.7091935557549982,
            1.7526450908361122,
            1.7710586370054067,
            1.7686951703322242,
            1.7792981846569496,
            1.8269523116730988,
            1.8175689109360837,
            1.8658901890373158,
            1.987045921379265,
            2.0664500791159064,
            2.0364165380459367,
            2.208422280267642,
            2.317998123246152,
            2.358660573133066,
            2.5274790310651385,
            2.625023615459984,
            2.753895368135785,
            2.92865643986908,
            3.066824283452945,
            3.1861023750002677,
            3.2813402570788015,
            3.501705513323641,
            3.6397874959171856,
            3.7311419667495134,
            3.874686883489615,
            4.150319105410011,
            4.345095556603642,
            4.5711029974628135,
            4.74519991550434,
            4.982826153381414,
            5.166081591986602,
            5.377099860411212,
            5.604325518510134
        ]
    ]
}