{
    "mtx": [
        [
            2842.9775258785216,
            0.0,
            958.8310790728676
        ],
        [
            0.0,
            2844.4678802682183,
            1096.3728521966773
        ],
        [
            0.0,
            0.0,
            1.0
        ]
    ],
    "dist": [
        -0.048537465999938696,
        -0.19407555502150123,
        0.0,
        0.0,
        0.7381890249004583
    ],
    "new_mtx": [
        [
            2805.329833984375,
            0.0,
            958.3337814131664
        ],
        [
            0.0,
            2805.11572265625,
            1095.1464166282676
        ],
        [
            0.0,
            0.0,
            1.0
        ]
    ],
    "roi": [
        5,
        4,
        1908,
        1075
    ],
    "origin": [
        226.09041436682526,
        74.06257781319086,
        414.2945658297809
    ],
    "basis": [
        [
            0.8782723416784038,
            -0.01631591654536631,
            0.4778822916890913
        ],
        [
            0.01195247503124907,
            0.9998544993767309,
            0.012170390985267683
        ],
        [
            -0.47801133060144135,
            -0.004977041630482834,
            0.87833956809041
        ]
    ],
    "mean_projection_error, pixels": 0.4539888799190521,
    "projector": "Texas Instrument DPL4710LC",
    "image_width, pixels": 1920,
    "image_height, pixels": 1080,
    "focus_distance, cm": 50,
    "aperture, mm": 7.5
}