{
    "mtx": [
        [
            2842.9775258785216,
            0.0,
            958.8310790728676
        ],
        [
            0.0,
            2844.4678802682183,
            1096.3728521966773
        ],
        [
            0.0,
            0.0,
            1.0
        ]
    ],
    "dist": [
        -0.048537465999938696,
        -0.19407555502150123,
        0.0,
        0.0,
        0.7381890249004583
    ],
    "new_mtx": [
        [
            2805.329833984375,
            0.0,
            958.3337814131664
        ],
        [
            0.0,
            2805.11572265625,
            1095.1464166282676
        ],
        [
            0.0,
            0.0,
            1.0
        ]
    ],
    "roi": [
        5,
        4,
        1908,
        1075
    ],
    "origin": [
        225.6677886438659,
        73.94777683137411,
        414.0179434986635
    ],
    "basis": [
        [
            0.8787054478263335,
            -0.01630932436494734,
            0.47708567563812
        ],
        [
            0.012209582502145412,
            0.9998570945107125,
            0.011692589607071084
        ],
        [
            -0.47720819571277884,
            -0.004449325269635517,
            0.8787790060357604
        ]
    ],
    "mean_projection_error, pixels": 0.6457518935203552,
    "projector": "Texas Instrument DPL4710LC",
    "image_width, pixels": 1920,
    "image_height, pixels": 1080
}