{
    "aperture, mm": 7.190276889452783,
    "focus, mm": 490.2099376513703,
    "best_res, mm": 0.12404215490996506,
    "dof (dist, res), mm": [
        [
            603.5453420684063,
            598.5202134904187,
            593.506234867844,
            588.4884868067408,
            583.4856514841721,
            578.460166372203,
            573.4433101259989,
            568.421877471697,
            563.4024521920578,
            558.3916442216987,
            553.3688817033203,
            548.3594270309848,
            543.3444726150336,
            538.3236579937428,
            533.3040960922034,
            528.2922686348892,
            523.2704175952051,
            518.2432513196487,
            513.2274976997676,
            508.20219181880105,
            503.17897025813187,
            498.15250109429866,
            493.12234937456986,
            488.1108263079698,
            483.080874349222,
            478.06021056263324,
            473.06253982352024,
            468.0285648427652,
            463.01208208979364,
            457.98167997461053,
            452.98012569023547,
            447.93070335825973,
            442.905950202472,
            437.8871762661344,
            432.8562647075816,
            427.83364846666956,
            422.80562007851086,
            417.78108760177264,
            412.75930446169394,
            407.74001958990823,
            402.71954816686576,
            397.69130622745604,
            392.6608588466308,
            387.630792417782,
            382.5915862414367,
            377.5625878617259,
            372.5400226385924,
            367.51078670878644,
            362.4744091703213,
            357.4371415325393,
            352.40958219798716,
            347.37645435418017,
            342.345965886152,
            337.3038996834287,
            332.2943008793751,
            327.2547196567101,
            322.2120311506942,
            317.17799538667015,
            312.1365742412519,
            307.09380590047545,
            302.054774936719,
            297.0129599339323,
            291.97550000997234,
            286.9233837539311
        ],
        [
            1.4644600582025264,
            1.3861919582658173,
            1.1407032965151638,
            1.1810490010089867,
            1.0279200777704673,
            0.8949711601980083,
            0.8799977401523907,
            0.7908265954805843,
            0.6710197867066962,
            0.6071336570990797,
            0.5191192621137204,
            0.4506772399630816,
            0.43563396220801953,
            0.3676628054380239,
            0.3291650737997343,
            0.30933134073620183,
            0.21623702780823095,
            0.15542792535213834,
            0.18365159672746495,
            0.12357591739784073,
            0.16080050594062695,
            0.1639821227599997,
            0.15567159444080322,
            0.1767035017166507,
            0.14026302655359513,
            0.11711632957132578,
            0.10442897698243299,
            0.18281962544495553,
            0.15547972435422255,
            0.2619908412742194,
            0.2681082974254486,
            0.2764523661069554,
            0.3425403112816861,
            0.3827546043310958,
            0.5013006251852542,
            0.49565262585555786,
            0.5785559965152693,
            0.6829462975088711,
            0.7293180119890886,
            0.8229811457854802,
            0.9277281884360108,
            0.927906314580713,
            1.0155238886006583,
            1.1017879840308342,
            1.155073002517056,
            1.2858709731490081,
            1.3477585109493317,
            1.4249310120638083,
            1.417713961693994,
            1.6326763132538027,
            1.621461902338754,
            1.6944099811573454,
            1.7865227059578521,
            1.8917933100609827,
            2.0024759241768475,
            2.0016916236238464,
            2.0699534026340958,
            2.1540062106672218,
            2.2929988657943974,
            2.349255841767649,
            2.4414559498389914,
            2.5487026952141254,
            2.620834373262641,
            2.692414936596619
        ]
    ]
}