{
    "g/r": 2.9840204151007184,
    "g/b": 2.1001991435587177
}